动人,5
睿智,1
电视柜,1
荧光,3
圆润,5
端庄,5
稳定性,62
神经,8
礼盒,7
着色,16
松软,2
过去,1
纤细,21
小牛,1
小女,15
适用,1
稳重,5
浪漫,22
顾忌,2
惬意,4
修身,12
边缘,33
人士,34
紫色,89
屋檐,1
胶带,6
拱形,1
密度,11
妖娆,1
织造,94
大方,283
筷子,2
保健,9
迅速,6
下身,5
微波炉,1
雨衣,7
工作,4
美女,20
新颖,7
功能性,19
岁末,3
真皮,29
秋季,100
9.2cm,2
干爽,29
午夜,7
娃娃,8
中缝,2
热带,2
着装,42
配套,1
合适,14
宽大,8
绝对,8
Wire,3
袖子,4
厨房,10
性格,11
优秀,2
行李箱,2
料子,1
名人,6
颜色,69
时尚,685
头饰,1
肌肤,17
对象,1
光彩,2
眷恋,8
柠檬,2
喇叭裤,4
润滑,5
舒缓,2
显著,1
风格,321
鲜亮,20
冬天,24
外罩,8
生态,161
水晶球,14
夜空,1
Crown,2
防尘,1
Britishness,3
随意,30
促销,82
好动,3
轻快,3
态度,2
荷叶,8
束绳,5
皮包,1
脱水,2
Quant,4
体温,1
静电,4
贵族,2
裤脚,7
武器,7
炫丽,3
长衫,2
方形,1
基地,3
极大,6
喇叭,1
麻花,3
亲切感,1
浮石,12
三角裤,3
细巧,2
vancl,48
吸水性,18
性气,3
紫藤,1
office,2
构思,1
护身,1
到来之际,2
臂膀,3
蓬蓬,13
有害,11
中性,9
漂亮,42
现代,13
中心,3
Cutting,3
夹克,41
呼吸,6
低调,24
特别,8
法宝,1
40D,1
墙壁,2
海岛,3
女性,213
礼品,14
弹力,38
身心,8
身形,2
象征,7
一般,2
袜子,44
全面,4
魅力,73
丽人,5
40s,3
有趣,6
化学,2
里布,1
脸型,1
咖啡色,43
品味,16
充分,13
棉纱,88
分散,9
合身,36
名片,1
品位,21
正式,2
桃红,3
摩登,7
前卫,6
经济,1
卷筒,1
功能,29
上身,1
心情,14
故事,20
PRINCE,2
棕黄色,1
今冬,1
天真,1
橡皮圈,1
大脑,2
外表,10
交点,6
风度,7
干净,11
摆设,2
田园,4
负担,2
深蓝,12
绵密,21
a10000,19
耐用,75
扣子,7
收缩,2
理论,14
another,1
黑加金,1
南美,2
孔雀,1
图案,87
眼镜,1
能量,18
能力,12
清爽,109
角度,7
木器,1
海燕,2
直径,3
专机,6
海洋,4
棉花,287
手机,3
订单,2
城市,1
过渡,6
家居,98
西装,2
课程,14
平整,134
网眼,30
mini,2
追求,17
优化,2
Rudder,2
雨靴,7
春装,3
寒冷,32
桑蚕丝,33
尴尬,7
质量上乘,12
褶皱,26
珍珠,3
历史,6
时髦,12
轻巧,4
本色,8
轻盈,33
梦幻,8
野性,1
质地,276
the,3
束缚,7
油污,2
感官,6
舞台,9
关系,14
帮手,2
晾晒,9
时下,2
Sailing,4
防水,19
单一,5
宠儿,9
车厢,1
床头,1
最新,15
日本,5
多面手,34
心乐,2
媒介,1
装饰品,6
潮流,149
岁月,1
长度,17
color=,42
宽度,25
摩擦,10
独特,130
长风,1
女装,427
不规则,5
上市,11
滑板,4
浅绿色,12
终极,62
怀抱,6
层次,2
Badge,3
色彩,172
意义,3
巧妙,12
银线,4
波纹,6
腹部,3
飘带,1
泡泡纱,4
LOVE,2
碳黑,2
精美,72
速度,4
程度,13
风范,7
顺畅,4
银河,1
重要性,7
优雅,67
袋子,2
呼应,1
甜美,18
儿童,22
帅气,55
平淡,1
Sailboat,4
朝气,4
浓厚,8
腰肢,2
居室,1
光线,1
接触,11
稚嫩,1
冷风,1
深灰色,31
如今,3
箱包,20
体表,7
近年,2
life,2
疾病,8
怪异,6
染料,13
领子,20
标的,5
白灰,2
白条,12
信封,2
乖巧,7
自在,2
质感,125
墨绿色,12
首选,7
圆弧,2
混合,13
Mini,1
亮度,3
包装箱,14
热烈,1
淑女,15
吊带,31
高贵,45
密实,2
质量,25
一时,1
80s,5
人体,21
质料,2
空气,6
生命线,8
厚度,10
宁静,2
雨鞋,7
衬托,31
单位,22
窈窕,10
周一,14
新疆,129
牛仔,38
暖意,1
真实,1
纺织品,1
贴边,3
时光,4
明线,34
百褶裙,2
长短,1
个性,60
明显,22
几何,2
手帕,1
气度,2
等距,1
运动鞋,5
转换,4
白天,12
弧线,23
航海,39
维持,28
花边,19
心灵,8
亲和,2
清新,15
袋鼠,6
滋味,4
物件,1
清醒,1
显然,2
大气,7
梦想,1
方格,62
西餐,1
物品,16
精心,35
脚跟,3
负荷,2
柔和,43
清凉,3
背部,6
颈椎,2
卫生,4
螺纹,23
怀旧,2
进口,2
撞击,3
身材,89
激情,1
深棕色,1
fon,3
童真,21
古旧,7
贴心,6
条纹布,12
正规,51
一连串,1
胸部,4
伤害,21
性感,28
环境,20
改良,8
商品,2
五金,1
毛边,6
突出,18
雨具,7
众人,5
细腻,195
鸡心,7
推崇,3
曲线美,5
部位,17
领主,5
裤线,1
不良,8
青睐,8
树脂,3
入秋,5
苹果,7
水量,4
记忆,9
目的,4
所在,5
孩子,7
档次,2
穿着,94
北欧,2
面积,5
紫罗兰,19
按扣,5
及时,28
季节,69
线条,94
BRA,8
橙色,31
悠闲,6
神秘,1
学院,20
Visco-Elastic,1
顾客,47
角落,1
市面,3
项目,4
完全,14
一身,1
VANCL09,96
一生,2
蓬松,10
预防,1
淡青色,5
寓意,6
KLE,17
披肩,5
SHOW,2
粗细,10
生活,111
固定,6
简洁,280
大自然,8
全家人,1
规格,4
外界,7
青春,33
清雅,2
风景线,2
严格,25
身长,4
清纯,3
特价品,16
平常,2
情绪,1
杂物,1
其莫代尔,14
精良,110
限量,15
山羊,3
安静,1
秋冬季,15
山羊绒,8
银粉微,1
稳定,15
风琴,8
坐椅,1
天气,2
透明,15
连续,3
蓝色,154
4.5CM,1
Keyboard,5
薄荷,2
人性化,10
隐秘,8
魔法,14
剪裁,88
N116,1
N117,1
抢眼,2
N112,1
生命,13
魔方,4
N118,1
N119,1
科技,21
孤独,4
数字,2
迷你裙,2
薄厚,46
以往,9
高领,20
萤石,2
灵感,4
表面,10
恤衫,9
再生,2
耀眼,3
皮肤,64
罗纹,31
方法,20
虎年,17
boy,4
翻领,10
鲜明,9
洗涤,6
腰带,43
风尚,29
童年,1
华丽,7
污垢,2
短暂,1
皇冠,3
1.5cm,2
便利,1
服饰,107
BRA-T,31
单经双纬,70
安全,10
圣诞,8
熏蒸,2
技术,44
织物,78
帆船,9
柔美,30
亮色,1
霉变,1
修长,21
类型,5
过程,3
清洁剂,2
拉链,120
胶水,1
拉力,3
地铁,12
登山,8
一角,2
身姿,3
宝石,3
1.4cm,2
针眼,1
鞋带,7
代表,14
连体,5
俏皮,17
猴子,3
不易,189
天鹅绒,19
间距,5
职业装,2
石板,6
气氛,1
精梳纱,4
广泛性,4
平角,11
洒脱,25
心态,2
温暖,39
蝴蝶,8
Shoes,6
当腰,2
Radio,2
浓度,1
棉织物,88
大众,50
强度,1
稳固,2
掩饰,1
工细,5
原料,167
单调,3
范围,3
顶端,2
光面,1
异味,1
使用,1
从容,4
亚麻,2
圆点,1
短裙,10
漆皮,5
背带,8
浓郁,1
裤带,2
作用,27
T106,1
精彩,35
素朴,1
Rome,1
勺子,2
家长,3
情调,4
血液,1
理想,3
感性,2
POLO-,214
皮带,60
四季,1
朴实无华,74
用料,13
轻微,18
year,1
小号,4
提手,8
清晰,65
羊皮,1
白粉,1
高支,29
100s,5
制造,1
商场,12
检测,48
内裤,25
流行色,8
N102,1
N101,1
麻烦,2
呵护,4
警示,1
Battery,2
细密,17
款型,11
提示,21
珊瑚,3
小孩,2
限度,4
个性化,31
系列,89
寒意,2
容量,7
时候,12
衣装,1
全身,1
tomorrow,1
凹凸,28
行动,6
缝纫,1
盛夏,22
PVC,7
形状,2
厚重,45
保养,7
女士,13
鞋垫,12
碰撞,2
智慧,14
牙膏,2
野花,1
假期,14
符号,5
磨损,2
全球,159
鞋底,30
不锈钢,28
要素,3
耐穿,7
亚光,1
工整,1
对立,1
银灰色,2
经纬,13
严肃,1
海军蓝,10
睡眠,1
蓝微,1
主角,4
僵硬,14
低温,1
20D,15
物质,11
家人,2
领口,58
筛选,6
右臂,2
风采,5
色调,11
八分,1
都市,23
明快,3
精致,188
活动,22
尼尔,9
精制,15
SKATE,4
爽朗,16
繁华,6
寒冬,4
外形,7
优美,20
沉闷,4
疲倦,4
清洗,3
灵动,4
毛巾,11
助剂,3
核心,1
玲珑,3
裤腿,9
VANCL,743
欧盟,28
理性,2
体验,9
细小,2
提升,11
周到,1
裤兜,10
冬季,20
卡通,13
爱心,1
干燥,33
2010VANCL,2
高雅,22
难得,1
结合,1
底色,1
彻底,1
初春,14
可人,2
3.8CM,6
王子,1
衣橱,35
安全感,9
YKK,65
图形,1
碱性,2
年龄段,7
冲击力,2
家居服,21
耐热性,2
时节,52
局部,2
气性,92
夸张,28
米黄色,5
高压,92
穿插,1
味道,13
面的,2
工艺,358
华美,9
温柔,9
必要,1
用心,1
要点,2
亮点,23
现实,3
烦恼,1
成分,55
光滑,30
大腿,18
光环,1
水袖,4
polo,24
绒毛,3
boat,4
头颈,2
男童,18
处理,48
水性,9
合体,22
Anchor,5
实用,143
白色,161
明星,2
连衣裙,21
流星雨,1
气垫,3
容易,13
丝带,1
花儿,2
考究,53
耐磨性,31
花朵,5
工程学,5
外套,188
前身,9
钮扣,26
需要,16
诱惑力,1
钟爱,10
极致,11
温润,79
男孩,1
耐磨,42
深蓝色,16
57CM,2
KAiLA,72
水准,13
玫瑰,18
动感,45
菱形,20
肌理,69
长袖,370
衬布,26
活动性,2
冲击,3
西裤,18
完美无缺,1
布鞋,7
+PU,1
成人,5
精加工,8
口罩,1
睡衣,4
产品,194
粉色,91
大学,1
纯净,9
严寒,1
拘束,2
编织,23
绚烂,1
精湛,37
粉红色,2
出众,1
精巧,18
脖颈,9
指数,1
雅致,5
问题,14
大洋,7
橡树,2
做法,1
座位,2
N907,1
滑爽,6
绚丽,9
做工,203
寒风,13
早春,7
布面,200
世界,19
绅士,9
40D-W601,1
木棉,1
微粒,4
重症,8
油水,1
体型,15
体形,12
印花,62
春秋,3
伸缩,6
松紧,50
给予,2
日子,4
成份,4
Headphones,5
一分,3
华贵,8
秋意,2
深秋,1
利落,11
轻柔,37
小腹,2
配合,2
制作,134
挺括,76
兜兜,4
层次感,29
超市,1
设计,865
年初,5
感觉,62
行头,2
短裤,9
职业,3
味儿,1
臀部,14
疲劳,3
秋冬能,1
粗纺,1
女生,15
破旧,1
酸痛,6
衬衫,348
滋养,1
婀娜,34
完美,237
经典,487
对开,1
靠垫,5
夏日,50
沙发,2
锦纶,4
字样,1
视线,1
温度,5
倒梯形,1
装置,2
明媚,1
驼色,3
前襟,33
纹路,114
一体,1
工装裤,7
保险,23
包裹,19
调节,10
灯芯绒,7
N125,1
N124,1
N126,1
N121,2
N123,1
N122,1
后身,5
感念,7
张力,3
同时,37
电脑,5
阴影,1
意大利,28
亚克力,1
后背,14
光亮,14
技艺,6
商旅,6
伸缩性,3
钱币,8
粗犷,2
尖头,2
黑线,1
老虎,1
结实,23
女人,73
剪刀,1
韧性,98
身段,4
婉约,3
私语,1
生理,3
寝具,2
必备,26
腰围,7
糖果,8
选择,63
流苏,7
约束,1
畅销,8
单车,8
橙红色,3
潇洒,1
精品,10
组合,3
大小,20
独立,8
德国,5
封条,1
方式,26
闪光,1
惊喜,1
小微,5
亲切,1
镀膜,2
淋漓尽致,15
细布,2
气味,1
无微不至,2
牛仔裤,62
声音,4
不同,218
被褥,1
7CM,1
初冬,1
S-155,1
一面,22
夏天,4
孩童,1
气温,2
温馨,67
文艺,1
雕塑,40
下装,16
星空,5
价值,5
有效,7
苗条,1
低落,1
人们,35
激光,4
钥匙,2
蒸汽,90
快乐,12
质朴,6
橘红色,2
创意,34
丰满,5
时代,8
贝壳,3
水印,14
恰到好处,11
定型,20
责任感,5
秋风,6
汽车,3
头发,4
纺织,17
绸缎,1
状态,8
要求,1
适时,1
BABY,2
最高,3
鸭绒,3
外观,16
成熟,96
素色,20
消费,8
匀称,7
苹果绿,5
5CM,2
新鲜,7
基础,21
裙装,7
木浆,5
上班族,1
棕色,22
方巾,3
包装袋,1
苏格兰,1
腰身,25
裙子,42
环保,306
0.8S,9
橡皮,2
一年四季,1
纱线,22
吃惊,9
极品,8
情侣,35
身份,4
剧烈,4
钱包,14
吸湿性,98
乳白色,2
拇指,9
场地,4
纯真,2
艺术,1
裤腰,10
夺目,2
咖啡,20
宝宝,12
保温,1
T101,1
牢固,31
T103,1
T102,1
T105,1
T104,1
纬纱,1
韵味,1
T109,1
色泽,33
证据,8
包装盒,5
剪影,4
衣裤,1
感应,1
呢子,1
轨迹,2
不干胶,4
手臂,4
暗淡,8
宇航局,1
印刷,11
布朗,4
三角,12
坚牢,2
回收率,2
卧室,28
狮子,3
笔下,6
特征,43
自如,54
米色,22
坐姿,5
填充物,7
穿衣,11
法国,16
纹理,18
服务,96
对襟,2
空间,24
市场,11
海军,14
鞋子,30
南韩,1
头部,6
皮面,2
good,1
紧密,234
蓝红格,2
上衣,7
整理,90
自然,85
溶剂,7
异域,2
美妙,11
PU+,1
工艺流程,14
表现性,4
气息,127
浪漫主义,2
哥们,2
纯色,21
光彩照人,2
风情,26
特色,7
周边,2
尺码,21
大衣,3
可爱,94
手套,4
大象,1
蜡染,3
焦点,7
化妆品,2
装束,4
Modal,14
湖水,1
床单,7
浅色,2
春夏秋冬,2
明朗,10
庄重,3
运用,2
木棉花,1
毛毡,2
倩影,5
NASA,1
装饰,71
茶色,23
经纱,1
压力,11
后移,2
秋天,4
运动,113
粉条,8
羊绒衫,8
年轻人,5
办公室,45
辛苦,1
膝盖,5
Screen,2
材料,49
混合面,12
哲学,2
元素,68
德宝,19
货单,2
重磅,12
上乘,3
黑色,243
良好,94
国际,18
普通,23
Taxi,3
KEL,7
皮革,28
外衣,12
今年,26
铅笔,7
慵懒,6
N111,1
叉子,2
石榴,2
油彩,1
蝙蝠,2
结构,103
尺寸,96
方面,24
羊羔,2
舒适度,39
澳洲,93
椭圆形,2
机绣,1
鞋舌,6
妈妈,2
橄榄,1
裁剪,30
风衣,28
诱惑,10
乐趣,15
红色,56
安全性,1
动物,8
The,1
眼光,11
国家,3
主流,12
灿烂,1
法则,24
对称,24
层面,4
购买者,12
英勇,7
复合,4
保障,5
花冠,1
东华,1
制品,3
需求,44
font,42
标签,2
用具,2
坯布,3
打印纸,7
简单,84
美观,62
优点,2
毛衣,1
肥大,1
黏胶,4
婴儿,5
车钱,1
舒适,1062
左手,16
字形,2
唱片,1
潮湿,2
橡皮筋,3
物理,3
现象,3
清洁,10
匠心,1
sea,2
男人,21
衣料,3
棉布,4
2010年,40
常规,1
后跟,2
明亮,7
地方,9
衣领,5
内衣,63
平纹,158
做作,1
塑料袋,3
玛瑙,24
帽子,14
小腿,5
限制,9
兰精,4
下肢,3
礼仪,4
冬装,1
标记,31
年末,5
皮古,1
布局,7
4CM,1
关键,3
底板,4
曲线,63
丰富,23
腰部,19
选用,6
自由,35
Guitar,2
短袜,1
斜线,3
底边,26
轻松,38
乌克兰,1
古铜色,2
连裤袜,14
礼服,1
年龄,1
衣柜,4
人造棉,3
亮丽,58
小麦,12
推动,23
柔软,666
距离,8
极光,5
知名,17
合金,2
BRA-TT,31
T107,1
基因,4
圆领,128
污迹,1
条绒,3
浪头,1
口袋,52
眼球,1
恒久,1
饰品,69
细胞,1
府绸,12
竹林,1
消费者,63
特质,1
适中,50
灯笼,3
凉鞋,2
护膝,1
现有,2
设计师,272
持久,21
平滑,27
款式,312
雅皮士,1
淡雅,9
暗紫色,9
18.6cm,2
套装,31
进行,48
热量,1
和谐,8
毛羽,5
耐热,1
围裙,1
棉麻,16
布料,37
简练,8
休闲,304
吸附,1
颗粒,148
年轻,17
衣服,101
紧凑,8
男生,3
笑脸,1
丰盈,2
日光,2
长裤,34
Little,4
30s,3
光泽,145
流畅,22
围巾,32
强烈,8
和尚,2
品牌,32
休养,1
桑葚,1
凉爽,19
优质棉,61
奢华,2
竖琴,2
群体,47
马甲,2
流星,1
附小,4
后腰,14
流行,106
金色,5
枕套,2
春意,3
涂层,10
白金,4
活泼,76
细节,178
Racing,2
染色,33
演绎,1
花色,6
家事,1
brasil,2
反弹,2
重要,51
未来,15
魔术,7
羽绒,9
花哨,2
勇气,8
爱情,14
绣花,16
整体,143
动态,3
约克,2
歌星,3
古银,1
对比,6
羊绒,11
样式,13
WALL,4
当下,2
洁净,126
丝绸,3
面板,1
搭配,59
饱满,259
欧洲,26
Map,1
七分,25
毒物,1
不适,4
污染,164
女孩,9
one-piece,1
周末,8
青灰,1
走动,5
安逸,10
挺直,2
单品,24
生产,4
气孔,2
护理,4
情人节,3
7f0019,22
女童,134
初秋,15
微妙,6
圆形,13
热情洋溢,2
洋气,1
整洁,20
毛料,3
3CM,2
天下,3
刺绣,7
标准,37
热转印,6
领导,2
观念,15
滑腻,5
旅游,1
得体,34
防风,26
目前,10
公主,14
酵素,43
餐饮,2
个人,16
分明,5
感受,30
新品,36
迷人,73
保暖,92
有利,28
立体感,24
点缀,2
温和,2
抗静电,6
木耳,3
男士,93
收纳,36
冬日,5
巧克力,13
Cameras,3
土耳其,11
商务,46
适当,3
美国,24
认同,4
轻薄,55
竹制品,1
品质,224
清漆,1
宽松,28
木材,5
场合,30
枕头,6
高温,6
后襟,8
7.8cm,2
购物,3
轻便,33
斜纹,100
风味,1
寂寞,8
蓝紫格,1
文化,20
紫外线,2
英国,8
球鞋,2
修饰,10
效果,119
被套,2
离子,2
亲密,11
POLO,214
喷漆,1
特点,77
包皮,2
男性,7
简约,418
年代,6
条纹,279
专用,3
健康,285
健身,8
墙角,1
20D-W601,8
20D-W602,1
Hanger,3
baby,1
一线,8
织带,13
身体,52
硬朗,7
妩媚,8
徐静蕾,34
尾花,2
特性,52
格子,11
趋势,48
一代,1
蝴蝶结,3
出色,13
大号,2
面料,1010
常用,8
皮鞋,41
隆重,64
大人,6
大海,1
亲爱,1
九分,11
金条,1
British,3
当今,10
美丽,8
Letters,5
赠品,1
模样,4
尼龙,1
时期,6
飘逸,1
通身,1
度假,1
兰花,3
佳品,4
方便,48
背心,46
领带,38
便捷,1
斜面,5
不经意,5
位置,10
价格,4
亲和力,2
节日,1
享受,8
选材,1
标志,10
少女,16
精神,9
day,1
金丝,1
方向,26
象徽,1
美感,3
M-16,1
泡泡,8
肤色,8
牛奶,1
联邦,1
雪莲,9
重量,3
水晶,7
印象,9
加固,1
2.5CM,2
装备,4
两用,15
步伐,5
加工,99
用品,69
随意性,2
传统,358
牙刷,2
3.5CM,5
丰厚,2
主体,28
主题,120
服装,141
良方,8
筒裤,4
货品,1
人生,9
贴身,263
部分,35
发展,24
人气,2
肩章,9
黄色,58
大胆,13
真理,1
标识,4
男子,5
冷却,3
VANCL2010,105
小汽车,2
现在,16
小朋友,74
浴室,4
初夏,4
春天,3
手提袋,14
周全,3
饼干,2
成衣,42
项链,40
配饰,227
镂空,4
大地,1
房间,1
造型,44
胶印,9
男装,717
橡胶,29
俏丽,9
晚婚,8
前门,22
棱角,2
紧张,5
have,2
西服,22
均匀,20
衣物,16
银色,10
特殊,80
铆钉,6
变化,27
西瓜,3
热门,1
男女,7
蓝白格,1
英伦,28
豪爽,3
治疗,8
瞬间,6
研究,1
卡片,8
繁琐,1
干净利落,13
暗门,6
典雅,26
秋日,5
看头,7
手感,408
森林,1
精确,24
差异,1
means,1
卡其,51
扣头,5
弹性,182
干练,31
years,1
喜好,3
零钱,3
自信,26
写意,1
专利,1
优势,1
闲适,2
黄绿色,4
专业,5
范儿,1
小巧,13
童装,158
平静,4
平稳,4
牛仔布,1
臃肿,2
过时,2
装扮,1
帆布,38
热情,5
年底,3
醒目,5
适度,2
字母,3
忙碌,1
组织,82
朋友,4
开裆裤,2
艳丽,13
边界,1
紧身,2
椅子,2
人群,7
信用卡,2
Boat,6
绿宝石,1
姿态,6
版式,2
KAILA,33
公式,23
新意,2
女裤,4
示范,6
拼接,28
腈纶,3
豆沙,1
娇嫩,2
亚洲,40
棉线,10
节拍,3
+EVA,6
甜蜜,3
循环,1
皮质,28
纽扣,22
纤维素,2
Navigation,4
成就,12
奥地利,14
形象,12
绿色,233
新鲜感,2
床位,2
丁香,6
退换,12
相同,5
防盗,5
新年,16
风寒,1
平时,14
平实,2
苛刻,4
极限,4
夏季,197
Londo,1
鲜艳,46
主导,6
拷贝,2
节奏,1
身高,1
随行,3
饭盒,2
阳光,1
概念,70
舒服,13
涤纶,110
金属,26
纸箱,3
流感,8
直接,9
蓝黄格,1
碳素,4
秘密,1
西班牙,7
袖口,93
涤棉,17
护肩,2
活力,19
橄榄绿,1
高级,16
视觉,47
条码,2
汗水,2
珍贵,1
跑鞋,9
绒布,4
LOGO,8
厚实,71
五分,2
手法,5
石磨,3
牛皮,87
羊毛,52
三月,1
别致,11
类似,10
多样化,8
贵重,2
放松,2
花纹,16
灰色,98
海风,1
×44CM,2
韩国,42
极点,1
性能,64
发丝,21
女郎,3
文具,2
宫廷,7
时间,26
天蓝色,10
恬静,1
气质,139
收成,16
竹子,4
STOLL,5
装饰性,7
纤维,216
草莓,7
丝袜,14
北京,1
兔子,4
白银,1
不错,3
2cm,1
虹彩,1
自由自在,10
俊美,2
双方,1
8.2c,2
60D-W601,4
外层,2
Sneakers,2
黑金,1
调皮,1
裤子,190
怪癖,1
纵深,2
商标,1
材质,149
教授,1
奇妙,1
羽绒服,6
精英,11
暖和,2
晶莹,9
包装,3
木质,1
荔枝,5
春季,38
中国,18
餐桌,2
莫代尔,15
公司,10
Bicycle,3
含蓄,17
宝蓝,1
节目,12
鸭子,4
手工,54
宝剑,3
精细,140
锁骨,2
阳刚,5
正红,1
尊贵,8
理念,327
60D,4
文静,2
细致入微,28
青蛙,7
牛津,98
Vanc,2
小方,52
N1116,1
N1114,1
N1115,1
N1112,1
N1113,1
N1110,1
N1111,1
表现,8
习惯,22
银针,1
隔热,1
坐垫,3
属性,2
青铜,1
可能,6
典型,5
事实,6
坚忍,3
矩阵,1
方领,28
体现,15
呆板,2
细致,200
